,평균기온(°C),평균 상대습도(%),최고기온(°C),최저기온(°C),평균 풍속(m/s),평균 해면기압(hPa),평균 전운량(1/10)
0,19.108356475830078,51.523475646972656,25.2835693359375,13.516580581665039,1.8079110383987427,1009.3319091796875,3.4826745986938477
1,18.147933959960938,55.050655364990234,23.992551803588867,12.853972434997559,1.7791637182235718,1010.6326293945312,7.000726222991943
2,17.961135864257812,72.8548355102539,23.69525718688965,12.627397537231445,2.1304545402526855,1010.8661499023438,5.4612274169921875
3,17.842384338378906,85.81333923339844,23.965930938720703,12.568552017211914,2.4740068912506104,1010.7579956054688,3.6191818714141846
4,17.823081970214844,85.21516418457031,23.949939727783203,12.602287292480469,3.1057498455047607,1010.4907836914062,3.8291797637939453
